{"__schema":{"types":[{"kind":"INTERFACE","name":"Node","possibleTypes":[{"name":"DummyNode"},{"name":"Account"},{"name":"AppliedCounselorProduct"},{"name":"AppliedParentProduct"},{"name":"AppliedStudentProduct"},{"name":"City"},{"name":"College"},{"name":"Comparison"},{"name":"Counselor"},{"name":"EmailAddress"},{"name":"File"},{"name":"HighSchool"},{"name":"Household"},{"name":"Invitation"},{"name":"Major"},{"name":"MetroArea"},{"name":"Organization"},{"name":"Parent"},{"name":"Person"},{"name":"PostalCode"},{"name":"Product"},{"name":"Report"},{"name":"Recommendation"},{"name":"Session"},{"name":"State"},{"name":"Student"},{"name":"WithheldCollege"}]},{"kind":"INTERFACE","name":"AppliedProduct","possibleTypes":[{"name":"AppliedCounselorProduct"},{"name":"AppliedParentProduct"},{"name":"AppliedStudentProduct"}]},{"kind":"INTERFACE","name":"Value","possibleTypes":[{"name":"ComputedNullableIntValue"},{"name":"ComputedNullableFloatValue"},{"name":"ComputedFloatValue"},{"name":"ComputedIntValue"},{"name":"ComputedBooleanValue"},{"name":"UserNullableIntValue"},{"name":"UserNullableStringValue"},{"name":"UserIntValue"},{"name":"SystemNullableIntValue"},{"name":"SystemIntValue"},{"name":"UserNullableFloatValue"},{"name":"UserFloatValue"},{"name":"SystemNullableFloatValue"},{"name":"SystemFloatValue"},{"name":"UserStringValue"},{"name":"SystemNullableStringValue"},{"name":"SystemStringValue"},{"name":"ComputedNullableStringValue"},{"name":"ComputedStringValue"},{"name":"UserNullableBooleanValue"},{"name":"UserBooleanValue"},{"name":"SystemNullableBooleanValue"},{"name":"SystemBooleanValue"},{"name":"ComputedNullableBooleanValue"}]},{"kind":"INTERFACE","name":"NullableIntValue","possibleTypes":[{"name":"ComputedNullableIntValue"},{"name":"ComputedIntValue"},{"name":"UserNullableIntValue"},{"name":"UserIntValue"},{"name":"SystemNullableIntValue"},{"name":"SystemIntValue"}]},{"kind":"INTERFACE","name":"ComputedValue","possibleTypes":[{"name":"ComputedNullableIntValue"},{"name":"ComputedNullableFloatValue"},{"name":"ComputedFloatValue"},{"name":"ComputedIntValue"},{"name":"ComputedBooleanValue"},{"name":"ComputedNullableStringValue"},{"name":"ComputedStringValue"},{"name":"ComputedNullableBooleanValue"}]},{"kind":"INTERFACE","name":"NullableFloatValue","possibleTypes":[{"name":"ComputedNullableFloatValue"},{"name":"ComputedFloatValue"},{"name":"UserNullableFloatValue"},{"name":"UserFloatValue"},{"name":"SystemNullableFloatValue"},{"name":"SystemFloatValue"}]},{"kind":"INTERFACE","name":"FloatValue","possibleTypes":[{"name":"ComputedFloatValue"},{"name":"UserFloatValue"},{"name":"SystemFloatValue"}]},{"kind":"INTERFACE","name":"IntValue","possibleTypes":[{"name":"ComputedIntValue"},{"name":"UserIntValue"},{"name":"SystemIntValue"}]},{"kind":"INTERFACE","name":"NullableBooleanValue","possibleTypes":[{"name":"ComputedBooleanValue"},{"name":"UserNullableBooleanValue"},{"name":"UserBooleanValue"},{"name":"SystemNullableBooleanValue"},{"name":"SystemBooleanValue"},{"name":"ComputedNullableBooleanValue"}]},{"kind":"INTERFACE","name":"BooleanValue","possibleTypes":[{"name":"ComputedBooleanValue"},{"name":"UserBooleanValue"},{"name":"SystemBooleanValue"}]},{"kind":"INTERFACE","name":"UserValue","possibleTypes":[{"name":"UserNullableIntValue"},{"name":"UserNullableStringValue"},{"name":"UserIntValue"},{"name":"UserNullableFloatValue"},{"name":"UserFloatValue"},{"name":"UserStringValue"},{"name":"UserNullableBooleanValue"},{"name":"UserBooleanValue"}]},{"kind":"INTERFACE","name":"NullableStringValue","possibleTypes":[{"name":"UserNullableStringValue"},{"name":"UserStringValue"},{"name":"SystemNullableStringValue"},{"name":"SystemStringValue"},{"name":"ComputedNullableStringValue"},{"name":"ComputedStringValue"}]},{"kind":"INTERFACE","name":"SystemValue","possibleTypes":[{"name":"SystemNullableIntValue"},{"name":"SystemIntValue"},{"name":"SystemNullableFloatValue"},{"name":"SystemFloatValue"},{"name":"SystemNullableStringValue"},{"name":"SystemStringValue"},{"name":"SystemNullableBooleanValue"},{"name":"SystemBooleanValue"}]},{"kind":"INTERFACE","name":"StringValue","possibleTypes":[{"name":"UserStringValue"},{"name":"SystemStringValue"},{"name":"ComputedStringValue"}]},{"kind":"INTERFACE","name":"SabrinaBotMessage","possibleTypes":[{"name":"SabrinaBotTextMessage"},{"name":"SabrinaBotCTAMessage"}]},{"kind":"UNION","name":"CollegeRecommendation","possibleTypes":[{"name":"College"},{"name":"WithheldCollege"}]}]}}